<INSERT_TEMPLATE_INFO version="4.0" encoding="UTF-8">
	<TEMPLATE>
		<BASIS proportions="0.75">frame0_basis_0_v.png</BASIS>
		<BASIS proportions="1.33">frame0_basis_0_h.png</BASIS>
		<BASIS proportions="1">frame0_basis_0_sq.png</BASIS>

		<INSERTIMAGE id="0" layout="crop" proportions="1.33" ratio="1.33" image_index="0">
			<methods_list>
				<method order="1">
					<name>masks_control</name>
					<params>mix_mode=cls</params>
				</method>
			</methods_list>
			<POINTS>
				<TOPLEFT x_percents="0.0" y_percents="0.0" />
				<TOPRIGHT x_percents="1.0" y_percents="0.0" />
				<BOTTOMLEFT x_percents="0.0" y_percents="1.0" />
				<BOTTOMRIGHT x_percents="1.0" y_percents="1.0" />
			</POINTS>
		</INSERTIMAGE>

		<INSERTIMAGE id="0" layout="crop" proportions="0.75" ratio="0.75" image_index="0">
			<methods_list>
				<method order="1">
					<name>masks_control</name>
					<params>mix_mode=cls</params>
				</method>
			</methods_list>
			<POINTS>
				<TOPLEFT x_percents="0.0" y_percents="0.0" />
				<TOPRIGHT x_percents="1.0" y_percents="0.0" />
				<BOTTOMLEFT x_percents="0.0" y_percents="1.0" />
				<BOTTOMRIGHT x_percents="1.0" y_percents="1.0" />
			</POINTS>
		</INSERTIMAGE>

		<INSERTIMAGE id="0" layout="crop" proportions="1.0" ratio="1.0" image_index="0">
			<methods_list>
				<method order="1">
					<name>masks_control</name>
					<params>mix_mode=cls</params>
				</method>
			</methods_list>
			<POINTS>
				<TOPLEFT x_percents="0.0" y_percents="0.0" />
				<TOPRIGHT x_percents="1.0" y_percents="0.0" />
				<BOTTOMLEFT x_percents="0.0" y_percents="1.0" />
				<BOTTOMRIGHT x_percents="1.0" y_percents="1.0" />
			</POINTS>
		</INSERTIMAGE>


	</TEMPLATE>
</INSERT_TEMPLATE_INFO>